drug,variant,coef,who_graded
Amikacin,rrs@1473246_A>G,8.698,True
Amikacin,g1833727_G>A,5.927,False
Amikacin,rrs@1473329_G>T,4.853,True
Amikacin,g1833665_A>G,3.984,False
Amikacin,g4249822_G>A,3.672,False
Amikacin,g4269864_GC>G,3.644,False
Amikacin,ethA@4326302_C>T,3.583,False
Amikacin,mmpL5@776689_A>T,3.556,False
Amikacin,ethA@4326718_G>GGC,3.548,False
Amikacin,g3987371_GG>G,3.374,False
Amikacin,g1673432_T>G,3.262,False
Amikacin,g2221749_G>GAGG,3.218,False
Bedaquiline,pncA@2288785_T>TG,8.221,False
Bedaquiline,g1918811_A>G,7.133,False
Bedaquiline,Rv0678@779257_C>T,7.091,False
Bedaquiline,gid@4407703_G>T,6.617,False
Bedaquiline,mmpS5@775100_CG>C,6.451,False
Bedaquiline,rrl@1475355_C>T,6.355,False
Bedaquiline,gyrA@8694_C>T,6.191,False
Bedaquiline,embA@4246277_G>A,6.185,False
Bedaquiline,g1416234_A>C,6.043,False
Bedaquiline,ethA@4326302_C>T,5.976,False
Bedaquiline,g767414_G>A,5.795,False
Bedaquiline,rpoC@766707_A>G,5.758,False
Clofazimine,Rv0678@779339_T>G,7.861,True
Clofazimine,tlyA@1918164_G>A,7.584,False
Clofazimine,pncA@2289138_A>C,6.543,False
Clofazimine,tlyA@1917972_A>G,5.945,False
Clofazimine,ahpC@2726210_T>C,5.791,False
Clofazimine,gyrA@8040_G>A,5.563,False
Clofazimine,pncA@2288933_G>C,5.56,False
Clofazimine,gyrA@7581_G>T,5.5,False
Clofazimine,gid@4407965_C>G,5.36,False
Clofazimine,rpoC@764043_C>A,5.311,False
Clofazimine,g1833646_T>C,5.308,False
Clofazimine,g4407400_C>G,4.981,False
Delamanid,g3986989_T>C,11.51,True
Delamanid,pncA@2288883_A>G,7.654,False
Delamanid,rrl@1474639_G>C,7.02,False
Delamanid,rpoB@762177_C>T,6.905,False
Delamanid,g576122_CTAGGACT>CGAGGACA,6.834,False
Delamanid,rpoB@761032_A>G,6.645,False
Delamanid,ethA@4326082_G>GTC,6.33,False
Delamanid,embA@4244167_C>T,6.118,False
Delamanid,pncA@2289054_T>C,6.082,False
Delamanid,g4269361_A>G,6.057,False
Delamanid,pncA@2289054_T>G,5.997,False
Delamanid,gyrA@7584_AGCCTGGTGCGCATGGCCCAGCCCTGGTCG>ACCCTGGTGCGCATGGCCCAGCCCTGGTCA,5.957,False
Ethambutol,embB@4247429_A>G,4.997,True
Ethambutol,embB@4247495_G>T,4.478,True
Ethambutol,embB@4248003_A>G,4.411,True
Ethambutol,embB@4247469_A>C,4.347,True
Ethambutol,embB@4247431_G>T,3.927,True
Ethambutol,embB@4247847_A>G,3.819,False
Ethambutol,eis@2714211_C>T,3.496,False
Ethambutol,embB@4247429_A>C,3.479,True
Ethambutol,embB@4247431_G>A,3.299,True
Ethambutol,g4243217_C>A,2.978,False
Ethambutol,g4243217_C>G,2.966,False
Ethambutol,rrl@1473806_C>T,2.862,False
Ethionamide,g1673425_C>T,6.825,True
Ethionamide,inhA@1674481_T>G,6.438,True
Ethionamide,fabG1@1674048_G>A,5.974,True
Ethionamide,rrl@1475881_T>C,4.843,False
Ethionamide,fabG1@1674102_C>A,4.78,False
Ethionamide,g1673423_G>T,4.163,True
Ethionamide,g1673432_T>A,4.15,True
Ethionamide,mmpS5@775130_C>T,3.831,False
Ethionamide,thyA@3073768_C>T,3.789,False
Ethionamide,inhA@1674782_T>C,3.388,False
Ethionamide,embB@4247101_G>A,3.376,False
Ethionamide,rpoC@767242_G>A,3.299,False
Isoniazid,katG@2155168_C>G,6.427,True
Isoniazid,g1673425_C>T,5.75,True
Isoniazid,katG@2155166_CGC>CTG,5.515,True
Isoniazid,katG@2155162_ATGCCGC>ACGCCGT,4.556,True
Isoniazid,fabG1@1674048_G>A,4.375,True
Isoniazid,katG@2155168_C>T,4.213,True
Isoniazid,katG@2155168_C>A,3.924,True
Isoniazid,ahpC@2726136_C>T,3.671,False
Isoniazid,g1673423_G>T,3.621,True
Isoniazid,ahpC@2726121_C>T,3.607,False
Isoniazid,inhA@1674481_T>G,3.602,True
Isoniazid,rpoB@761100_C>A,3.311,False
Kanamycin,rrs@1473246_A>G,8.363,True
Kanamycin,g2715369_C>A,6.989,True
Kanamycin,g2715346_G>A,5.459,True
Kanamycin,rrs@1473247_C>T,5.112,True
Kanamycin,g2715342_C>T,4.833,True
Kanamycin,rpoC@767242_G>A,4.798,False
Kanamycin,rrs@1473329_G>T,4.558,True
Kanamycin,g3569065_A>G,4.3,False
Kanamycin,g1834985_T>TG,4.057,False
Kanamycin,g2153725_CTCATCCCCGTCTCGTCATCCCC>CTCATCCCC,3.866,False
Kanamycin,g4249822_G>A,3.85,False
Kanamycin,gyrA@8061_C>T,3.82,False
Levofloxacin,gyrA@7570_C>T,5.204,True
Levofloxacin,gyrB@6620_G>A,5.123,True
Levofloxacin,gyrA@7582_A>G,5.07,True
Levofloxacin,rrl@1476603_G>A,3.961,False
Levofloxacin,gyrA@9486_G>C,3.96,False
Levofloxacin,gyrA@9304_G>A,3.861,False
Levofloxacin,gyrA@7582_A>C,3.838,True
Levofloxacin,gyrB@6576_G>A,3.73,False
Levofloxacin,rpoC@764688_A>G,3.675,False
Levofloxacin,rpoB@762434_T>G,3.45,False
Levofloxacin,gyrA@7581_G>A,3.44,True
Levofloxacin,gyrB@6750_C>T,3.386,True
Linezolid,g801268_T>C,12.439,True
Linezolid,gid@4407928_T>C,9.675,False
Linezolid,pncA@2289049_A>G,9.136,False
Linezolid,rrl@1476471_G>T,8.716,True
Linezolid,ethA@4327370_A>C,7.779,False
Linezolid,embA@4244167_C>T,7.639,False
Linezolid,gid@4407965_C>G,7.319,False
Linezolid,ethA@4327472_A>C,7.193,False
Linezolid,mmpL5@776312_T>G,6.625,False
Linezolid,g576400_C>T,6.517,False
Linezolid,pncA@2289162_A>G,6.267,False
Linezolid,pncA@2288847_C>G,6.082,False
Moxifloxacin,gyrA@7582_A>G,4.771,True
Moxifloxacin,gyrA@7581_G>A,4.613,True
Moxifloxacin,gyrA@7570_C>T,4.105,True
Moxifloxacin,gyrB@6742_A>C,3.972,True
Moxifloxacin,gyrB@6734_A>G,3.873,True
Moxifloxacin,mmpS5@775100_CG>C,3.442,False
Moxifloxacin,gyrB@6750_C>T,3.325,True
Moxifloxacin,g4243217_C>A,3.188,False
Moxifloxacin,g4325877_G>A,2.99,False
Moxifloxacin,rpoB@761102_A>ATTC,2.983,False
Moxifloxacin,gyrA@7582_A>C,2.9,True
Moxifloxacin,g2988077_G>A,2.713,False
Rifabutin,rpoB@761139_C>T,7.131,False
Rifabutin,rpoB@761155_C>T,6.596,False
Rifabutin,rpoB@761139_C>G,6.27,False
Rifabutin,rpoB@760314_G>T,6.205,False
Rifabutin,rpoB@761155_C>G,5.455,False
Rifabutin,rpoB@761101_A>C,5.245,False
Rifabutin,rpoB@761100_C>A,5.03,False
Rifabutin,rpoB@761150_ACTGTCG>AATGTTC,5.008,False
Rifabutin,rpoB@761140_A>G,4.774,False
Rifabutin,rpoB@761101_A>T,4.726,False
Rifabutin,rpoB@761094_CTGAGCCAATTCATGGA>CCGAGCCAATTCATGGG,4.667,False
Rifabutin,rpoB@761154_TCG>TTC,4.526,False
Rifampicin,rpoB@761139_C>T,6.645,True
Rifampicin,rpoB@761155_C>T,6.146,True
Rifampicin,rpoB@761139_C>G,6.139,True
Rifampicin,rpoB@760314_G>T,6.09,True
Rifampicin,rpoB@761110_A>T,5.831,True
Rifampicin,rpoB@761150_ACTGTCG>AATGTTC,5.038,True
Rifampicin,rpoB@761155_C>G,4.906,True
Rifampicin,rpoB@761101_A>C,4.882,True
Rifampicin,rpoB@761140_A>G,4.818,True
Rifampicin,rpoB@761100_C>A,4.771,True
Rifampicin,rpoB@761108_GGA>GTT,4.436,True
Rifampicin,rpoB@761154_TCG>TTC,4.327,True
